{
    "model_type": "TabNet",
    "evaluation_metrics": {
        "accuracy": 0.7699947726084684,
        "precision": 0.7134404057480981,
        "recall": 0.8931216931216931,
        "f1_score": 0.793233082706767,
        "roc_auc": 0.8590559272377454,
        "confusion_matrix": [
            [
                629,
                339
            ],
            [
                101,
                844
            ]
        ]
    },
    "training_history": {
        "baseline": {
            "train_accuracy": 0.7647146698536003,
            "train_precision": 0.7038606403013182,
            "train_recall": 0.9041427275476263,
            "train_f1": 0.7915287888815354,
            "val_accuracy": 0.7523510971786834,
            "val_precision": 0.6928104575163399,
            "val_recall": 0.8964059196617337,
            "val_f1": 0.7815668202764977,
            "training_time": 60.97214484214783,
            "test_f1": 0.7925058548009367
        },
        "tuned": {
            "train_accuracy": 0.7672542575440693,
            "train_precision": 0.704179313565258,
            "train_recall": 0.9120048382219534,
            "train_f1": 0.794729907773386,
            "val_accuracy": 0.7889237199582028,
            "val_precision": 0.722495894909688,
            "val_recall": 0.9302325581395349,
            "val_f1": 0.8133086876155268,
            "tuning_time": 405.3031733036041,
            "test_f1": 0.793233082706767,
            "best_params": {
                "n_d": 8,
                "n_a": 8,
                "n_steps": 3,
                "gamma": 1.3,
                "lr": 0.02
            }
        }
    },
    "feature_importances": {
        "features": [
            "koi_period",
            "koi_depth",
            "koi_prad",
            "koi_teq",
            "koi_impact",
            "koi_duration",
            "koi_model_snr",
            "koi_steff",
            "koi_slogg",
            "koi_srad",
            "koi_kepmag",
            "koi_insol"
        ],
        "importances": [
            0.013704692144629563,
            0.31258543453536347,
            0.0005951599020092039,
            0.20213245435796118,
            0.1924254623143126,
            0.1063342511067384,
            0.019563727522989415,
            0.005305333696194495,
            0.026913903236281966,
            0.09580023691421641,
            0.014494016712549043,
            0.010145327556754314
        ]
    },
    "timestamp": "2025-09-19T12:43:17.609216"
}