{
  "best_params": {
    "colsample_bytree": 0.8,
    "learning_rate": 0.1,
    "max_depth": 8,
    "min_child_samples": 20,
    "n_estimators": 200,
    "num_leaves": 31,
    "subsample": 0.8
  },
  "training_history": {
    "baseline": {
      "train_f1": 0.8956599286563615,
      "val_f1": 0.8450413223140496,
      "training_time": 4.571304082870483
    },
    "tuned": {
      "train_f1": 0.8964483740446576,
      "val_f1": 0.8416666666666667,
      "tuning_time": 14.904623985290527,
      "best_params": {
        "colsample_bytree": 0.8,
        "learning_rate": 0.1,
        "max_depth": 8,
        "min_child_samples": 20,
        "n_estimators": 200,
        "num_leaves": 31,
        "subsample": 0.8
      }
    }
  },
  "evaluation_metrics": {
    "accuracy": 0.832723470987977,
    "precision": 0.8272251308900523,
    "recall": 0.8359788359788359,
    "f1_score": 0.8315789473684211,
    "roc_auc": 0.9255788403515676,
    "confusion_matrix": [
      [
        803,
        165
      ],
      [
        155,
        790
      ]
    ]
  }
}